centroid,data_point,distance
214068,214069,1.0
214069,214068,1.0
214082,214712,0.8622561036100851
214094,214099,0.862151261081513
214094,214112,0.8275978752649764
214094,214123,0.8581209840533844
214094,214343,0.8097943501424579
214094,214377,0.8367628369905058
214094,214415,0.8181179986841306
214094,214733,0.8149992429049913
214094,214950,0.8633414353442083
214094,215008,0.8669806922125557
214094,215014,0.8094701503078146
214068,214069,1.0
214069,214068,1.0
